,Regis II v2.2,Triwaco,ASSUMPTION1
1,HLc,W11,W11
2,HLc,S11,S11
3,HLc,W12,W12
4,HLc,S12,S12
5,HLc,W13,W13
6,HLc,S13,S13
7,BXz1,,W21A
8,BXSCk1,,W21A
9,BXz2,,W21A
10,BXLMk1,,W21A
11,BXk1,,W21A
12,BXz3,,W21A
13,BXk2,,W21A
14,BXz4,,W21A
15,KRz1,,W21A
16,KRWYk1,,W21A
17,KRz2,,W21A
18,KRk1,S21A,S21A
19,KRz3,,W21
20,BEz1,,W21
21,BEROk1,,W21
22,BEk1,,W21
23,BEz2,,W21
24,BEk2,,W21
25,BEz3,,W21
26,KWz1,,W21
27,WBv1,,W21
28,EEz1,,W21
29,EEk1,S21,S21
30,EEz2,W22,W22
31,EEk2,,W22
32,EEz3,W22,W22
33,KRZUk1,,W22
34,KRz4,,W22
35,KRTWk1,,W22
36,KRz5,,W22
37,DRz1,W22,W22
38,DRUIk1,,W22
39,DRz2,W22,W22
40,DRGIk1,S22,S22
41,DRz3,W31,S22
42,DRGIk2,,S22
43,DTc,,S22
44,DNz1,,S22
45,URz1,,S22
46,URk1,,S22
47,URz2,W22,S22
48,URk2,S22,S22
49,URz3,W31,W31
50,PEz1,,W31
51,PEk1,,W31
52,PEz2,,W31
53,PEk2,,W31
54,PEz3,,W31
55,URz4,,W31
56,URk3,,W31
57,URz5,,W31
58,STz1,W31,W31
59,STk1,S31,S31
60,STz2,W32,W32
61,APz1,W32,W32
62,SYz1,,W32
63,SYk1,,W32
64,SYz2,,W32
65,SYk2,,W32
66,SYz3,,W32
67,SYk3,,W32
68,SYz4,,W32
69,PZWAz1,W32,W32
70,WAk1,S32,S32
71,PZWAz2,,
72,WAk2,,
73,PZk1,,
74,PZWAz3,,
75,WAk3,,
76,PZc,,
77,PZWAz4,,
78,MSz1,,
79,MSk1,,
80,MSz2,,
81,MSk2,,
82,MSz3,,
83,MSc,,
84,MSz4,,
85,KIz1,,
86,KIk1,,
87,KIz2,,
88,KIk2,,
89,KIz3,,
90,KIk3,,
91,KIz4,,
92,KIk4,,
93,KIz5,,
94,OOz1,,
95,OOk1,,
96,OOz2,,
97,OOc,,
98,IEz1,,
99,IEk1,,
100,IEz2,,
101,IEk2,,
102,IEz3,,
103,BRz1,,
104,BRk1,,
105,BRz2,,
106,VIb1,,
107,BRz3,,
108,VIb2,,
109,BRz4,,
110,VEVOc,,
111,RUz1,,
112,RUBOk1,,
113,RUz2,,
114,RUk1,,
115,RUz3,,
116,RUk2,,
117,RUz4,,
118,TOz1,,
119,TOGOk1,,
120,TOz2,,
121,TOZEWAk1,,
122,TOz3,,
123,DOz1,,
124,DOASk1,,
125,DOz2,,
126,DOk1,,
127,DOz3,,
128,DOIEk1,,
129,DOz4,,
130,LAc,,
131,HTc,,
132,HOq,,
133,MTq,,
134,GUq,,
135,VAc,,
136,AKc,,
